{
  "logistic_regression": {
    "accuracy": {
      "mean": 0.8659600685124115,
      "std": 0.006220653398661238,
      "fold_values": [
        0.8723163841807909,
        0.8632768361581921,
        0.864406779661017,
        0.8564971751412429,
        0.8733031674208145
      ]
    },
    "precision": {
      "mean": 0.775972826950116,
      "std": 0.015451484249317212,
      "fold_values": [
        0.7885906040268457,
        0.768976897689769,
        0.7733333333333333,
        0.752411575562701,
        0.7965517241379311
      ]
    },
    "recall": {
      "mean": 0.8198418581665431,
      "std": 0.0042387333866727136,
      "fold_values": [
        0.8245614035087719,
        0.8204225352112676,
        0.8169014084507042,
        0.823943661971831,
        0.8133802816901409
      ]
    },
    "f1": {
      "mean": 0.797199059329358,
      "std": 0.007363611966420372,
      "fold_values": [
        0.8061749571183533,
        0.7938671209540034,
        0.7945205479452054,
        0.7865546218487395,
        0.8048780487804879
      ]
    },
    "auc_roc": {
      "mean": 0.9182142858914686,
      "std": 0.006440681336935348,
      "fold_values": [
        0.9101871345029239,
        0.9114211056689554,
        0.9254821775913384,
        0.9247732652152516,
        0.9192077464788734
      ]
    }
  },
  "xgboost": {
    "accuracy": {
      "mean": 0.8711603650586701,
      "std": 0.00720406856433833,
      "fold_values": [
        0.864406779661017,
        0.8677966101694915,
        0.8666666666666667,
        0.8723163841807909,
        0.8846153846153846
      ]
    },
    "precision": {
      "mean": 0.7980731858199996,
      "std": 0.014904916410357882,
      "fold_values": [
        0.7854671280276817,
        0.8081180811808119,
        0.7862068965517242,
        0.7878787878787878,
        0.8226950354609929
      ]
    },
    "recall": {
      "mean": 0.8022559920929083,
      "std": 0.018370734466467847,
      "fold_values": [
        0.7964912280701755,
        0.7711267605633803,
        0.8028169014084507,
        0.823943661971831,
        0.8169014084507042
      ]
    },
    "f1": {
      "mean": 0.7999701547960464,
      "std": 0.011418565441397363,
      "fold_values": [
        0.7909407665505227,
        0.7891891891891892,
        0.794425087108014,
        0.8055077452667814,
        0.8197879858657244
      ]
    },
    "auc_roc": {
      "mean": 0.9277563857206937,
      "std": 0.005921132304750465,
      "fold_values": [
        0.918719298245614,
        0.9231328068243069,
        0.9321084577347614,
        0.9346453094607579,
        0.9301760563380282
      ]
    }
  },
  "catboost_model_A": {
    "accuracy": {
      "mean": 0.8716123424598001,
      "std": 0.007435916485857906,
      "fold_values": [
        0.8632768361581921,
        0.8745762711864407,
        0.8677966101694915,
        0.8677966101694915,
        0.8846153846153846
      ]
    },
    "precision": {
      "mean": 0.7960232999079286,
      "std": 0.012279458318636131,
      "fold_values": [
        0.7827586206896552,
        0.7993079584775087,
        0.7889273356401384,
        0.7909407665505227,
        0.8181818181818182
      ]
    },
    "recall": {
      "mean": 0.8071855695576972,
      "std": 0.010148016404532697,
      "fold_values": [
        0.7964912280701755,
        0.8133802816901409,
        0.8028169014084507,
        0.7992957746478874,
        0.823943661971831
      ]
    },
    "f1": {
      "mean": 0.801561682409926,
      "std": 0.011144198142722297,
      "fold_values": [
        0.7895652173913044,
        0.806282722513089,
        0.7958115183246073,
        0.7950963222416813,
        0.8210526315789474
      ]
    },
    "auc_roc": {
      "mean": 0.9272500373591444,
      "std": 0.007708270939991255,
      "fold_values": [
        0.9133801169590644,
        0.9253825783318881,
        0.9360221227531579,
        0.9306379039628787,
        0.9308274647887325
      ]
    }
  },
  "catboost_model_B": {
    "accuracy": {
      "mean": 0.867994989390802,
      "std": 0.006866891081327944,
      "fold_values": [
        0.8576271186440678,
        0.8723163841807909,
        0.8677966101694915,
        0.864406779661017,
        0.8778280542986425
      ]
    },
    "precision": {
      "mean": 0.7905515855655152,
      "std": 0.012060952714605597,
      "fold_values": [
        0.7829181494661922,
        0.7938144329896907,
        0.7869415807560137,
        0.777027027027027,
        0.8120567375886525
      ]
    },
    "recall": {
      "mean": 0.8015690635038301,
      "std": 0.01504793024926482,
      "fold_values": [
        0.7719298245614035,
        0.8133802816901409,
        0.8063380281690141,
        0.8098591549295775,
        0.8063380281690141
      ]
    },
    "f1": {
      "mean": 0.7959351772876813,
      "std": 0.010816489595204579,
      "fold_values": [
        0.7773851590106007,
        0.8034782608695652,
        0.7965217391304348,
        0.7931034482758621,
        0.8091872791519434
      ]
    },
    "auc_roc": {
      "mean": 0.9249185688583438,
      "std": 0.007798364240648107,
      "fold_values": [
        0.911719298245614,
        0.9217266996320685,
        0.9341941834032481,
        0.930514869583558,
        0.9264377934272301
      ]
    }
  },
  "confusion_matrix": {
    "TN": 2709,
    "FP": 294,
    "FN": 274,
    "TP": 1147,
    "total": 4424,
    "precision": 0.7959750173490632,
    "recall": 0.8071780436312456,
    "fpr": 0.0979020979020979,
    "accuracy_oof": 0.8716094032549728
  },
  "statistical_tests": {
    "wilcoxon_catboost_vs_lr": {
      "W": 0.0,
      "p": 0.0625
    },
    "wilcoxon_xgboost_vs_lr": {
      "W": 0.0,
      "p": 0.0625
    },
    "wilcoxon_catboost_vs_xgb": {
      "W": 6.0,
      "p": 0.8125
    },
    "delong_modelA_vs_modelB": {
      "z": 2.543745334445493,
      "p": 0.010967101056320143,
      "auc_A": 0.9269135743449607,
      "auc_B": 0.924573667008572,
      "delta_auc": -0.002339907336388669
    }
  },
  "shap_top15": [
    {
      "Feature": "Curricular units 2nd sem (approved)",
      "Mean_Abs_SHAP": 1.1987883941659143
    },
    {
      "Feature": "Tuition fees up to date",
      "Mean_Abs_SHAP": 0.5314404653550536
    },
    {
      "Feature": "Curricular units 1st sem (approved)",
      "Mean_Abs_SHAP": 0.281946588520459
    },
    {
      "Feature": "Course",
      "Mean_Abs_SHAP": 0.27124975319948297
    },
    {
      "Feature": "Age at enrollment",
      "Mean_Abs_SHAP": 0.2646370481299648
    },
    {
      "Feature": "Curricular units 2nd sem (grade)",
      "Mean_Abs_SHAP": 0.2418696622935223
    },
    {
      "Feature": "Gender",
      "Mean_Abs_SHAP": 0.13685497986365452
    },
    {
      "Feature": "Scholarship holder",
      "Mean_Abs_SHAP": 0.13191436251802158
    },
    {
      "Feature": "Curricular units 2nd sem (enrolled)",
      "Mean_Abs_SHAP": 0.1284069575496414
    },
    {
      "Feature": "Unemployment rate",
      "Mean_Abs_SHAP": 0.10733483826296297
    },
    {
      "Feature": "Application mode",
      "Mean_Abs_SHAP": 0.1051835060361076
    },
    {
      "Feature": "Debtor",
      "Mean_Abs_SHAP": 0.0875807760465781
    },
    {
      "Feature": "Mother's occupation",
      "Mean_Abs_SHAP": 0.08163207672441836
    },
    {
      "Feature": "Curricular units 1st sem (grade)",
      "Mean_Abs_SHAP": 0.07857848258958107
    },
    {
      "Feature": "Curricular units 1st sem (enrolled)",
      "Mean_Abs_SHAP": 0.07780005921463393
    }
  ],
  "hyperparameters": {
    "lr_best_C_per_fold": [
      {
        "C": 0.1
      },
      {
        "C": 10
      },
      {
        "C": 0.1
      },
      {
        "C": 1
      },
      {
        "C": 0.1
      }
    ],
    "xgb_best_params_per_fold": [
      {
        "n_estimators": 951,
        "max_depth": 3,
        "learning_rate": 0.01827829722331115,
        "subsample": 0.9386457146869117,